[
    {
        "id": 1,
        "user_id": "1",
        "nome": "acomodação1",
        "endereco": "l",
        "fotos": [
            "blob:http://localhost:5173/03995ea8-a1a7-40fa-be7a-dd0a65da48dc"
        ],
        "descricao": "descrição exemplo",
        "perks": [
            "wifi",
            "pet"
        ],
        "extras": "nada",
        "preco": 1.0,
        "checkin": "2004-07-07",
        "checkout": "2005-07-07",
        "pessoas": 1,
        "quantidade": 1
    },
    {
        "id": 2,
        "user_id": "2",
        "nome": "wefwf",
        "endereco": "wefwef",
        "fotos": [
            "blob:http://localhost:5173/2a4f7703-79d7-438d-9562-0cba1d0b5058"
        ],
        "descricao": "efewf",
        "perks": [
            "wifi"
        ],
        "extras": "efqr",
        "preco": 6.0,
        "checkin": "2004-05-06",
        "checkout": "2028-06-05",
        "pessoas": 56,
        "quantidade": 1
    },
    {
        "id": 3,
        "user_id": "1",
        "nome": "wdwf",
        "endereco": "efwef",
        "fotos": [
            "blob:http://localhost:5173/5b8a5954-058f-4ba9-990c-c64a21f59075"
        ],
        "descricao": "gaeg",
        "perks": [
            "wifi",
            "tv"
        ],
        "extras": "regerg",
        "preco": 1.0,
        "checkin": "2008-08-09",
        "checkout": "2009-03-03",
        "pessoas": 1,
        "quantidade": 1
    }
]